label,value
Shot 10s,0.19109738010432636
xG,0.0010222484833411999
xT,0.00474867689797315
