label,value
leading,0.1813451549368041
drawing,0.1942342442174199
trailing,0.2323801824942066
