label,value
Intensity %,14.469511112193366
Efficiency pp,3.8145938276786704
