label,value
leading,6.991688776193475
drawing,7.219902001751084
trailing,8.264586524183928
