{
  "passes": 68515.0,
  "carries": 53764.0,
  "dribbles": 1793.0,
  "shots": 1453.0,
  "goals": 172.0,
  "statsbomb_xg": 155.8985419302,
  "xt_eligible_actions": 110546.0,
  "xt_added": 278.8409161692973,
  "progressive_passes": 2060.0,
  "progressive_carries": 2270.0,
  "pressure_events": 16554.0,
  "pressure_sequences": 14066.0,
  "substitutions": 587.0,
  "tactical_shifts": 243.0
}
