label,value
2022 L,6.516666666666667
2022 D,197.88333333333333
2022 T,91.28333333333333
2026 L,19.0
2026 D,185.0
2026 T,87.0
